name,attributes.openinference.span.kind,start_time,end_time,latency_ms
blocked_end,CHAIN,2026-09-27 09:06:38.795039+00:00,2026-09-27 09:06:38.795475+00:00,0.43600000000000005
route_after_supervisor,CHAIN,2026-09-27 09:06:38.793943+00:00,2026-09-27 09:06:38.794248+00:00,0.305
supervisor,CHAIN,2026-09-27 09:06:38.793347+00:00,2026-09-27 09:06:38.794574+00:00,1.227
LangGraph,CHAIN,2026-09-27 09:06:38.791991+00:00,2026-09-27 09:06:38.796389+00:00,4.398
force_escalate,CHAIN,2026-09-27 09:06:38.728029+00:00,2026-09-27 09:06:38.728520+00:00,0.491
route_after_decision,CHAIN,2026-09-27 09:06:38.726956+00:00,2026-09-27 09:06:38.727323+00:00,0.367
decision,CHAIN,2026-09-27 09:06:38.726242+00:00,2026-09-27 09:06:38.727620+00:00,1.3780000000000001
prior_disputes_lookup,TOOL,2026-09-27 09:06:38.444574+00:00,2026-09-27 09:06:38.724580+00:00,280.006
transaction_lookup,TOOL,2026-09-27 09:06:38.160687+00:00,2026-09-27 09:06:38.443926+00:00,283.23900000000003
fraud_scoring,CHAIN,2026-09-27 09:06:37.598789+00:00,2026-09-27 09:06:38.725499+00:00,1126.71
reflect,CHAIN,2026-09-27 09:06:37.597962+00:00,2026-09-27 09:06:37.598334+00:00,0.372
route_after_decision,CHAIN,2026-09-27 09:06:37.596880+00:00,2026-09-27 09:06:37.597245+00:00,0.365
decision,CHAIN,2026-09-27 09:06:37.596089+00:00,2026-09-27 09:06:37.597533+00:00,1.444
prior_disputes_lookup,TOOL,2026-09-27 09:06:37.313421+00:00,2026-09-27 09:06:37.594356+00:00,280.935
transaction_lookup,TOOL,2026-09-27 09:06:37.033186+00:00,2026-09-27 09:06:37.312809+00:00,279.623
fraud_scoring,CHAIN,2026-09-27 09:06:36.475861+00:00,2026-09-27 09:06:37.595345+00:00,1119.484
chargeback_policy_lookup,TOOL,2026-09-27 09:06:36.461798+00:00,2026-09-27 09:06:36.474489+00:00,12.690999999999999
network_rule_check,TOOL,2026-09-27 09:06:36.182931+00:00,2026-09-27 09:06:36.461068+00:00,278.137
chargeback_rules_retrieval,CHAIN,2026-09-27 09:06:35.623576+00:00,2026-09-27 09:06:36.475100+00:00,851.524
route_after_classification,CHAIN,2026-09-27 09:06:35.622558+00:00,2026-09-27 09:06:35.622862+00:00,0.304
dispute_classification,CHAIN,2026-09-27 09:06:35.622132+00:00,2026-09-27 09:06:35.623154+00:00,1.0219999999999998
route_after_supervisor,CHAIN,2026-09-27 09:06:35.621095+00:00,2026-09-27 09:06:35.621401+00:00,0.306
supervisor,CHAIN,2026-09-27 09:06:35.620611+00:00,2026-09-27 09:06:35.621720+00:00,1.109
LangGraph,CHAIN,2026-09-27 09:06:35.619327+00:00,2026-09-27 09:06:38.729482+00:00,3110.1549999999997
escalate_ambiguous,CHAIN,2026-09-27 09:06:35.577814+00:00,2026-09-27 09:06:35.578247+00:00,0.433
route_after_classification,CHAIN,2026-09-27 09:06:35.576813+00:00,2026-09-27 09:06:35.577129+00:00,0.316
dispute_classification,CHAIN,2026-09-27 09:06:35.576307+00:00,2026-09-27 09:06:35.577424+00:00,1.117
route_after_supervisor,CHAIN,2026-09-27 09:06:35.575238+00:00,2026-09-27 09:06:35.575571+00:00,0.333
supervisor,CHAIN,2026-09-27 09:06:35.574689+00:00,2026-09-27 09:06:35.575898+00:00,1.209
LangGraph,CHAIN,2026-09-27 09:06:35.573293+00:00,2026-09-27 09:06:35.579157+00:00,5.864
route_after_decision,CHAIN,2026-09-27 09:06:35.509970+00:00,2026-09-27 09:06:35.510366+00:00,0.39599999999999996
decision,CHAIN,2026-09-27 09:06:35.509272+00:00,2026-09-27 09:06:35.510847+00:00,1.575
prior_disputes_lookup,TOOL,2026-09-27 09:06:35.229506+00:00,2026-09-27 09:06:35.507046+00:00,277.54
transaction_lookup,TOOL,2026-09-27 09:06:34.951720+00:00,2026-09-27 09:06:35.228816+00:00,277.096
fraud_scoring,CHAIN,2026-09-27 09:06:34.399087+00:00,2026-09-27 09:06:35.507971+00:00,1108.884
chargeback_policy_lookup,TOOL,2026-09-27 09:06:34.384935+00:00,2026-09-27 09:06:34.397732+00:00,12.796999999999999
network_rule_check,TOOL,2026-09-27 09:06:34.105559+00:00,2026-09-27 09:06:34.384182+00:00,278.623
chargeback_rules_retrieval,CHAIN,2026-09-27 09:06:33.539759+00:00,2026-09-27 09:06:34.398314+00:00,858.555
route_after_classification,CHAIN,2026-09-27 09:06:33.538780+00:00,2026-09-27 09:06:33.539101+00:00,0.321
dispute_classification,CHAIN,2026-09-27 09:06:33.538304+00:00,2026-09-27 09:06:33.539346+00:00,1.042
route_after_supervisor,CHAIN,2026-09-27 09:06:33.537254+00:00,2026-09-27 09:06:33.537582+00:00,0.328
supervisor,CHAIN,2026-09-27 09:06:33.536303+00:00,2026-09-27 09:06:33.537927+00:00,1.624
LangGraph,CHAIN,2026-09-27 09:06:33.534953+00:00,2026-09-27 09:06:35.511755+00:00,1976.802
route_after_decision,CHAIN,2026-09-27 09:06:33.459204+00:00,2026-09-27 09:06:33.459640+00:00,0.43600000000000005
decision,CHAIN,2026-09-27 09:06:33.458447+00:00,2026-09-27 09:06:33.460055+00:00,1.608
prior_disputes_lookup,TOOL,2026-09-27 09:06:33.177053+00:00,2026-09-27 09:06:33.456555+00:00,279.50199999999995
transaction_lookup,TOOL,2026-09-27 09:06:32.897849+00:00,2026-09-27 09:06:33.176384+00:00,278.53499999999997
fraud_scoring,CHAIN,2026-09-27 09:06:32.249472+00:00,2026-09-27 09:06:33.457630+00:00,1208.1580000000001
chargeback_policy_lookup,TOOL,2026-09-27 09:06:22.093221+00:00,2026-09-27 09:06:32.247469+00:00,10154.248000000001
network_rule_check,TOOL,2026-09-27 09:06:21.817648+00:00,2026-09-27 09:06:22.092347+00:00,274.699
chargeback_rules_retrieval,CHAIN,2026-09-27 09:06:21.270643+00:00,2026-09-27 09:06:32.248615+00:00,10977.972
route_after_classification,CHAIN,2026-09-27 09:06:21.269625+00:00,2026-09-27 09:06:21.269936+00:00,0.311
dispute_classification,CHAIN,2026-09-27 09:06:21.269183+00:00,2026-09-27 09:06:21.270270+00:00,1.087
route_after_supervisor,CHAIN,2026-09-27 09:06:21.267840+00:00,2026-09-27 09:06:21.268276+00:00,0.43600000000000005
supervisor,CHAIN,2026-09-27 09:06:21.266583+00:00,2026-09-27 09:06:21.268672+00:00,2.089
LangGraph,CHAIN,2026-09-27 09:06:21.264101+00:00,2026-09-27 09:06:33.461809+00:00,12197.708
blocked_end,CHAIN,2026-09-27 09:05:22.360260+00:00,2026-09-27 09:05:22.360711+00:00,0.451
route_after_supervisor,CHAIN,2026-09-27 09:05:22.358991+00:00,2026-09-27 09:05:22.359367+00:00,0.376
supervisor,CHAIN,2026-09-27 09:05:22.357891+00:00,2026-09-27 09:05:22.359838+00:00,1.9469999999999998
LangGraph,CHAIN,2026-09-27 09:05:22.356385+00:00,2026-09-27 09:05:22.361873+00:00,5.4879999999999995
force_escalate,CHAIN,2026-09-27 09:05:21.064667+00:00,2026-09-27 09:05:21.065157+00:00,0.49
route_after_decision,CHAIN,2026-09-27 09:05:21.063594+00:00,2026-09-27 09:05:21.063987+00:00,0.393
decision,CHAIN,2026-09-27 09:05:21.062902+00:00,2026-09-27 09:05:21.064275+00:00,1.373
prior_disputes_lookup,TOOL,2026-09-27 09:05:20.758484+00:00,2026-09-27 09:05:21.061218+00:00,302.734
transaction_lookup,TOOL,2026-09-27 09:05:20.481650+00:00,2026-09-27 09:05:20.757831+00:00,276.181
fraud_scoring,CHAIN,2026-09-27 09:05:19.934585+00:00,2026-09-27 09:05:21.062188+00:00,1127.6029999999998
reflect,CHAIN,2026-09-27 09:05:19.933814+00:00,2026-09-27 09:05:19.934161+00:00,0.347
route_after_decision,CHAIN,2026-09-27 09:05:19.932678+00:00,2026-09-27 09:05:19.933061+00:00,0.383
decision,CHAIN,2026-09-27 09:05:19.932015+00:00,2026-09-27 09:05:19.933383+00:00,1.368
prior_disputes_lookup,TOOL,2026-09-27 09:05:19.650957+00:00,2026-09-27 09:05:19.930431+00:00,279.474
transaction_lookup,TOOL,2026-09-27 09:05:19.372128+00:00,2026-09-27 09:05:19.650346+00:00,278.218
fraud_scoring,CHAIN,2026-09-27 09:05:18.735203+00:00,2026-09-27 09:05:19.931348+00:00,1196.145
chargeback_policy_lookup,TOOL,2026-09-27 09:05:08.478843+00:00,2026-09-27 09:05:18.732852+00:00,10254.009
network_rule_check,TOOL,2026-09-27 09:05:08.204600+00:00,2026-09-27 09:05:08.478010+00:00,273.40999999999997
chargeback_rules_retrieval,CHAIN,2026-09-27 09:05:07.650706+00:00,2026-09-27 09:05:18.734281+00:00,11083.574999999999
route_after_classification,CHAIN,2026-09-27 09:05:07.649697+00:00,2026-09-27 09:05:07.649998+00:00,0.301
dispute_classification,CHAIN,2026-09-27 09:05:07.649258+00:00,2026-09-27 09:05:07.650293+00:00,1.035
route_after_supervisor,CHAIN,2026-09-27 09:05:07.648020+00:00,2026-09-27 09:05:07.648365+00:00,0.345
supervisor,CHAIN,2026-09-27 09:05:07.646818+00:00,2026-09-27 09:05:07.648799+00:00,1.981
LangGraph,CHAIN,2026-09-27 09:05:07.645318+00:00,2026-09-27 09:05:21.066530+00:00,13421.212000000001
escalate_ambiguous,CHAIN,2026-09-27 09:04:56.976969+00:00,2026-09-27 09:04:56.977336+00:00,0.367
route_after_classification,CHAIN,2026-09-27 09:04:56.976008+00:00,2026-09-27 09:04:56.976369+00:00,0.361
dispute_classification,CHAIN,2026-09-27 09:04:56.975504+00:00,2026-09-27 09:04:56.976614+00:00,1.11
route_after_supervisor,CHAIN,2026-09-27 09:04:56.974268+00:00,2026-09-27 09:04:56.974616+00:00,0.348
supervisor,CHAIN,2026-09-27 09:04:56.973236+00:00,2026-09-27 09:04:56.975067+00:00,1.831
LangGraph,CHAIN,2026-09-27 09:04:56.971730+00:00,2026-09-27 09:04:56.978295+00:00,6.5649999999999995
route_after_decision,CHAIN,2026-09-27 09:04:55.699498+00:00,2026-09-27 09:04:55.699893+00:00,0.395
decision,CHAIN,2026-09-27 09:04:55.698846+00:00,2026-09-27 09:04:55.700233+00:00,1.387
prior_disputes_lookup,TOOL,2026-09-27 09:04:55.419573+00:00,2026-09-27 09:04:55.697293+00:00,277.72
transaction_lookup,TOOL,2026-09-27 09:04:55.137928+00:00,2026-09-27 09:04:55.418900+00:00,280.972
fraud_scoring,CHAIN,2026-09-27 09:04:54.503545+00:00,2026-09-27 09:04:55.698200+00:00,1194.655
chargeback_policy_lookup,TOOL,2026-09-27 09:04:44.269757+00:00,2026-09-27 09:04:54.501430+00:00,10231.673
network_rule_check,TOOL,2026-09-27 09:04:43.996266+00:00,2026-09-27 09:04:44.268821+00:00,272.555
chargeback_rules_retrieval,CHAIN,2026-09-27 09:04:43.445169+00:00,2026-09-27 09:04:54.502698+00:00,11057.529
route_after_classification,CHAIN,2026-09-27 09:04:43.444179+00:00,2026-09-27 09:04:43.444531+00:00,0.352
dispute_classification,CHAIN,2026-09-27 09:04:43.443744+00:00,2026-09-27 09:04:43.444822+00:00,1.078
route_after_supervisor,CHAIN,2026-09-27 09:04:43.442527+00:00,2026-09-27 09:04:43.442870+00:00,0.34299999999999997
supervisor,CHAIN,2026-09-27 09:04:43.441510+00:00,2026-09-27 09:04:43.443326+00:00,1.8159999999999998
LangGraph,CHAIN,2026-09-27 09:04:43.439983+00:00,2026-09-27 09:04:55.701072+00:00,12261.089
route_after_decision,CHAIN,2026-09-27 09:04:42.126017+00:00,2026-09-27 09:04:42.126403+00:00,0.386
decision,CHAIN,2026-09-27 09:04:42.125324+00:00,2026-09-27 09:04:42.126706+00:00,1.382
prior_disputes_lookup,TOOL,2026-09-27 09:04:41.845179+00:00,2026-09-27 09:04:42.123736+00:00,278.557
transaction_lookup,TOOL,2026-09-27 09:04:41.567720+00:00,2026-09-27 09:04:41.844523+00:00,276.803
fraud_scoring,CHAIN,2026-09-27 09:04:40.924816+00:00,2026-09-27 09:04:42.124627+00:00,1199.811
chargeback_policy_lookup,TOOL,2026-09-27 09:04:30.647746+00:00,2026-09-27 09:04:40.922545+00:00,10274.798999999999
network_rule_check,TOOL,2026-09-27 09:04:30.378137+00:00,2026-09-27 09:04:30.646920+00:00,268.783
chargeback_rules_retrieval,CHAIN,2026-09-27 09:04:29.830551+00:00,2026-09-27 09:04:40.923904+00:00,11093.353000000001
route_after_classification,CHAIN,2026-09-27 09:04:29.829591+00:00,2026-09-27 09:04:29.829925+00:00,0.33399999999999996
dispute_classification,CHAIN,2026-09-27 09:04:29.828318+00:00,2026-09-27 09:04:29.830187+00:00,1.869
route_after_supervisor,CHAIN,2026-09-27 09:04:29.827023+00:00,2026-09-27 09:04:29.827399+00:00,0.376
supervisor,CHAIN,2026-09-27 09:04:29.825949+00:00,2026-09-27 09:04:29.827858+00:00,1.909
LangGraph,CHAIN,2026-09-27 09:04:29.823284+00:00,2026-09-27 09:04:42.127575+00:00,12304.291
blocked_end,CHAIN,2026-09-27 08:55:37.991158+00:00,2026-09-27 08:55:37.991610+00:00,0.45199999999999996
route_after_supervisor,CHAIN,2026-09-27 08:55:37.989908+00:00,2026-09-27 08:55:37.990305+00:00,0.397
supervisor,CHAIN,2026-09-27 08:55:37.989240+00:00,2026-09-27 08:55:37.990663+00:00,1.423
LangGraph,CHAIN,2026-09-27 08:55:37.987803+00:00,2026-09-27 08:55:37.992784+00:00,4.981
force_escalate,CHAIN,2026-09-27 08:55:37.912037+00:00,2026-09-27 08:55:37.912505+00:00,0.46799999999999997
route_after_decision,CHAIN,2026-09-27 08:55:37.910711+00:00,2026-09-27 08:55:37.911239+00:00,0.528
decision,CHAIN,2026-09-27 08:55:37.909985+00:00,2026-09-27 08:55:37.911579+00:00,1.5939999999999999
prior_disputes_lookup,TOOL,2026-09-27 08:55:37.623872+00:00,2026-09-27 08:55:37.908108+00:00,284.236
transaction_lookup,TOOL,2026-09-27 08:55:37.348291+00:00,2026-09-27 08:55:37.623227+00:00,274.93600000000004
fraud_scoring,CHAIN,2026-09-27 08:55:36.760264+00:00,2026-09-27 08:55:37.909193+00:00,1148.929
reflect,CHAIN,2026-09-27 08:55:36.759526+00:00,2026-09-27 08:55:36.759864+00:00,0.33799999999999997
route_after_decision,CHAIN,2026-09-27 08:55:36.758002+00:00,2026-09-27 08:55:36.758643+00:00,0.641
decision,CHAIN,2026-09-27 08:55:36.757209+00:00,2026-09-27 08:55:36.758970+00:00,1.761
prior_disputes_lookup,TOOL,2026-09-27 08:55:36.388994+00:00,2026-09-27 08:55:36.754079+00:00,365.085
transaction_lookup,TOOL,2026-09-27 08:55:36.056112+00:00,2026-09-27 08:55:36.388214+00:00,332.10200000000003
fraud_scoring,CHAIN,2026-09-27 08:55:35.492385+00:00,2026-09-27 08:55:36.756391+00:00,1264.0059999999999
chargeback_policy_lookup,TOOL,2026-09-27 08:55:35.478317+00:00,2026-09-27 08:55:35.491052+00:00,12.735
network_rule_check,TOOL,2026-09-27 08:55:35.204849+00:00,2026-09-27 08:55:35.477529+00:00,272.67999999999995
chargeback_rules_retrieval,CHAIN,2026-09-27 08:55:34.637480+00:00,2026-09-27 08:55:35.491651+00:00,854.171
route_after_classification,CHAIN,2026-09-27 08:55:34.636529+00:00,2026-09-27 08:55:34.636782+00:00,0.253
dispute_classification,CHAIN,2026-09-27 08:55:34.636137+00:00,2026-09-27 08:55:34.637086+00:00,0.949
route_after_supervisor,CHAIN,2026-09-27 08:55:34.635129+00:00,2026-09-27 08:55:34.635439+00:00,0.31
supervisor,CHAIN,2026-09-27 08:55:34.634623+00:00,2026-09-27 08:55:34.635748+00:00,1.125
LangGraph,CHAIN,2026-09-27 08:55:34.633286+00:00,2026-09-27 08:55:37.913588+00:00,3280.3019999999997
escalate_ambiguous,CHAIN,2026-09-27 08:55:34.591054+00:00,2026-09-27 08:55:34.591567+00:00,0.513
route_after_classification,CHAIN,2026-09-27 08:55:34.590038+00:00,2026-09-27 08:55:34.590387+00:00,0.34900000000000003
dispute_classification,CHAIN,2026-09-27 08:55:34.589616+00:00,2026-09-27 08:55:34.590665+00:00,1.049
route_after_supervisor,CHAIN,2026-09-27 08:55:34.588599+00:00,2026-09-27 08:55:34.588916+00:00,0.317
supervisor,CHAIN,2026-09-27 08:55:34.588006+00:00,2026-09-27 08:55:34.589225+00:00,1.219
LangGraph,CHAIN,2026-09-27 08:55:34.586548+00:00,2026-09-27 08:55:34.592580+00:00,6.032
route_after_decision,CHAIN,2026-09-27 08:55:34.523400+00:00,2026-09-27 08:55:34.523761+00:00,0.361
decision,CHAIN,2026-09-27 08:55:34.522757+00:00,2026-09-27 08:55:34.524133+00:00,1.3760000000000001
prior_disputes_lookup,TOOL,2026-09-27 08:55:34.242691+00:00,2026-09-27 08:55:34.520980+00:00,278.289
transaction_lookup,TOOL,2026-09-27 08:55:33.958759+00:00,2026-09-27 08:55:34.242046+00:00,283.28700000000003
fraud_scoring,CHAIN,2026-09-27 08:55:33.396332+00:00,2026-09-27 08:55:34.522015+00:00,1125.683
chargeback_policy_lookup,TOOL,2026-09-27 08:55:33.381792+00:00,2026-09-27 08:55:33.394884+00:00,13.091999999999999
network_rule_check,TOOL,2026-09-27 08:55:33.073614+00:00,2026-09-27 08:55:33.381009+00:00,307.395
chargeback_rules_retrieval,CHAIN,2026-09-27 08:55:32.492401+00:00,2026-09-27 08:55:33.395513+00:00,903.1120000000001
route_after_classification,CHAIN,2026-09-27 08:55:32.491461+00:00,2026-09-27 08:55:32.491780+00:00,0.319
dispute_classification,CHAIN,2026-09-27 08:55:32.490984+00:00,2026-09-27 08:55:32.492030+00:00,1.046
route_after_supervisor,CHAIN,2026-09-27 08:55:32.489740+00:00,2026-09-27 08:55:32.490123+00:00,0.383
supervisor,CHAIN,2026-09-27 08:55:32.488686+00:00,2026-09-27 08:55:32.490540+00:00,1.8539999999999999
LangGraph,CHAIN,2026-09-27 08:55:32.487169+00:00,2026-09-27 08:55:34.525079+00:00,2037.91
route_after_decision,CHAIN,2026-09-27 08:55:32.412484+00:00,2026-09-27 08:55:32.412849+00:00,0.365
decision,CHAIN,2026-09-27 08:55:32.411770+00:00,2026-09-27 08:55:32.413165+00:00,1.395
prior_disputes_lookup,TOOL,2026-09-27 08:55:32.129632+00:00,2026-09-27 08:55:32.409882+00:00,280.25
transaction_lookup,TOOL,2026-09-27 08:55:31.844474+00:00,2026-09-27 08:55:32.128936+00:00,284.462
fraud_scoring,CHAIN,2026-09-27 08:55:31.180716+00:00,2026-09-27 08:55:32.410963+00:00,1230.247
chargeback_policy_lookup,TOOL,2026-09-27 08:55:20.829862+00:00,2026-09-27 08:55:31.178301+00:00,10348.439
network_rule_check,TOOL,2026-09-27 08:55:20.547980+00:00,2026-09-27 08:55:20.828975+00:00,280.995
chargeback_rules_retrieval,CHAIN,2026-09-27 08:55:19.995623+00:00,2026-09-27 08:55:31.179564+00:00,11183.941
route_after_classification,CHAIN,2026-09-27 08:55:19.994603+00:00,2026-09-27 08:55:19.994924+00:00,0.321
dispute_classification,CHAIN,2026-09-27 08:55:19.994128+00:00,2026-09-27 08:55:19.995230+00:00,1.1019999999999999
route_after_supervisor,CHAIN,2026-09-27 08:55:19.992833+00:00,2026-09-27 08:55:19.993271+00:00,0.438
supervisor,CHAIN,2026-09-27 08:55:19.991678+00:00,2026-09-27 08:55:19.993630+00:00,1.952
LangGraph,CHAIN,2026-09-27 08:55:19.989211+00:00,2026-09-27 08:55:32.414010+00:00,12424.799
blocked_end,CHAIN,2026-09-27 08:55:08.747200+00:00,2026-09-27 08:55:08.747664+00:00,0.464
route_after_supervisor,CHAIN,2026-09-27 08:55:08.745901+00:00,2026-09-27 08:55:08.746227+00:00,0.326
supervisor,CHAIN,2026-09-27 08:55:08.744846+00:00,2026-09-27 08:55:08.746749+00:00,1.903
LangGraph,CHAIN,2026-09-27 08:55:08.743388+00:00,2026-09-27 08:55:08.748584+00:00,5.196
force_escalate,CHAIN,2026-09-27 08:55:07.417747+00:00,2026-09-27 08:55:07.418278+00:00,0.531
route_after_decision,CHAIN,2026-09-27 08:55:07.416706+00:00,2026-09-27 08:55:07.417053+00:00,0.347
decision,CHAIN,2026-09-27 08:55:07.416029+00:00,2026-09-27 08:55:07.417357+00:00,1.328
prior_disputes_lookup,TOOL,2026-09-27 08:55:07.140210+00:00,2026-09-27 08:55:07.414333+00:00,274.123
transaction_lookup,TOOL,2026-09-27 08:55:06.865090+00:00,2026-09-27 08:55:07.139555+00:00,274.46500000000003
fraud_scoring,CHAIN,2026-09-27 08:55:06.307884+00:00,2026-09-27 08:55:07.415330+00:00,1107.446
reflect,CHAIN,2026-09-27 08:55:06.307076+00:00,2026-09-27 08:55:06.307453+00:00,0.377
route_after_decision,CHAIN,2026-09-27 08:55:06.305887+00:00,2026-09-27 08:55:06.306287+00:00,0.4
decision,CHAIN,2026-09-27 08:55:06.305214+00:00,2026-09-27 08:55:06.306612+00:00,1.398
prior_disputes_lookup,TOOL,2026-09-27 08:55:06.024689+00:00,2026-09-27 08:55:06.303512+00:00,278.823
transaction_lookup,TOOL,2026-09-27 08:55:05.748314+00:00,2026-09-27 08:55:06.024001+00:00,275.687
fraud_scoring,CHAIN,2026-09-27 08:55:05.109479+00:00,2026-09-27 08:55:06.304506+00:00,1195.027
chargeback_policy_lookup,TOOL,2026-09-27 08:54:54.895551+00:00,2026-09-27 08:55:05.107282+00:00,10211.731
network_rule_check,TOOL,2026-09-27 08:54:54.622432+00:00,2026-09-27 08:54:54.894675+00:00,272.243
chargeback_rules_retrieval,CHAIN,2026-09-27 08:54:54.069435+00:00,2026-09-27 08:55:05.108592+00:00,11039.157
route_after_classification,CHAIN,2026-09-27 08:54:54.068407+00:00,2026-09-27 08:54:54.068722+00:00,0.315
dispute_classification,CHAIN,2026-09-27 08:54:54.067943+00:00,2026-09-27 08:54:54.069025+00:00,1.082
route_after_supervisor,CHAIN,2026-09-27 08:54:54.066679+00:00,2026-09-27 08:54:54.067008+00:00,0.32899999999999996
supervisor,CHAIN,2026-09-27 08:54:54.065457+00:00,2026-09-27 08:54:54.067445+00:00,1.9880000000000002
LangGraph,CHAIN,2026-09-27 08:54:54.063973+00:00,2026-09-27 08:55:07.419452+00:00,13355.479000000001
escalate_ambiguous,CHAIN,2026-09-27 08:54:42.834746+00:00,2026-09-27 08:54:42.835103+00:00,0.357
route_after_classification,CHAIN,2026-09-27 08:54:42.833779+00:00,2026-09-27 08:54:42.834128+00:00,0.34900000000000003
dispute_classification,CHAIN,2026-09-27 08:54:42.833318+00:00,2026-09-27 08:54:42.834392+00:00,1.074
route_after_supervisor,CHAIN,2026-09-27 08:54:42.832092+00:00,2026-09-27 08:54:42.832439+00:00,0.347
supervisor,CHAIN,2026-09-27 08:54:42.831074+00:00,2026-09-27 08:54:42.832890+00:00,1.8159999999999998
LangGraph,CHAIN,2026-09-27 08:54:42.829537+00:00,2026-09-27 08:54:42.836225+00:00,6.688000000000001
route_after_decision,CHAIN,2026-09-27 08:54:41.407071+00:00,2026-09-27 08:54:41.407486+00:00,0.415
decision,CHAIN,2026-09-27 08:54:41.406394+00:00,2026-09-27 08:54:41.407813+00:00,1.4189999999999998
prior_disputes_lookup,TOOL,2026-09-27 08:54:41.122343+00:00,2026-09-27 08:54:41.404670+00:00,282.327
transaction_lookup,TOOL,2026-09-27 08:54:40.846121+00:00,2026-09-27 08:54:41.121730+00:00,275.609
fraud_scoring,CHAIN,2026-09-27 08:54:40.187906+00:00,2026-09-27 08:54:41.405635+00:00,1217.729
chargeback_policy_lookup,TOOL,2026-09-27 08:54:30.344083+00:00,2026-09-27 08:54:40.185658+00:00,9841.575
network_rule_check,TOOL,2026-09-27 08:54:30.072628+00:00,2026-09-27 08:54:30.343232+00:00,270.604
chargeback_rules_retrieval,CHAIN,2026-09-27 08:54:29.527322+00:00,2026-09-27 08:54:40.186950+00:00,10659.627999999999
route_after_classification,CHAIN,2026-09-27 08:54:29.526376+00:00,2026-09-27 08:54:29.526711+00:00,0.335
dispute_classification,CHAIN,2026-09-27 08:54:29.525906+00:00,2026-09-27 08:54:29.526951+00:00,1.045
route_after_supervisor,CHAIN,2026-09-27 08:54:29.524654+00:00,2026-09-27 08:54:29.525012+00:00,0.358
supervisor,CHAIN,2026-09-27 08:54:29.523598+00:00,2026-09-27 08:54:29.525470+00:00,1.8719999999999999
LangGraph,CHAIN,2026-09-27 08:54:29.522048+00:00,2026-09-27 08:54:41.408958+00:00,11886.91
route_after_decision,CHAIN,2026-09-27 08:54:28.073370+00:00,2026-09-27 08:54:28.073750+00:00,0.38
decision,CHAIN,2026-09-27 08:54:28.072692+00:00,2026-09-27 08:54:28.074046+00:00,1.3539999999999999
prior_disputes_lookup,TOOL,2026-09-27 08:54:27.790948+00:00,2026-09-27 08:54:28.070874+00:00,279.926
transaction_lookup,TOOL,2026-09-27 08:54:27.514008+00:00,2026-09-27 08:54:27.790268+00:00,276.26
fraud_scoring,CHAIN,2026-09-27 08:54:26.838651+00:00,2026-09-27 08:54:28.071927+00:00,1233.276
chargeback_policy_lookup,TOOL,2026-09-27 08:54:15.516295+00:00,2026-09-27 08:54:26.834272+00:00,11317.977
network_rule_check,TOOL,2026-09-27 08:54:15.232712+00:00,2026-09-27 08:54:15.515447+00:00,282.735
chargeback_rules_retrieval,CHAIN,2026-09-27 08:54:14.669964+00:00,2026-09-27 08:54:26.836020+00:00,12166.055999999999
route_after_classification,CHAIN,2026-09-27 08:54:14.669016+00:00,2026-09-27 08:54:14.669337+00:00,0.321
dispute_classification,CHAIN,2026-09-27 08:54:14.668551+00:00,2026-09-27 08:54:14.669591+00:00,1.0399999999999998
route_after_supervisor,CHAIN,2026-09-27 08:54:14.667265+00:00,2026-09-27 08:54:14.667644+00:00,0.379
supervisor,CHAIN,2026-09-27 08:54:14.666046+00:00,2026-09-27 08:54:14.668113+00:00,2.0669999999999997
LangGraph,CHAIN,2026-09-27 08:54:14.663517+00:00,2026-09-27 08:54:28.078746+00:00,13415.229
blocked_end,CHAIN,2026-09-27 08:51:56.015472+00:00,2026-09-27 08:51:56.015904+00:00,0.432
route_after_supervisor,CHAIN,2026-09-27 08:51:56.014463+00:00,2026-09-27 08:51:56.014779+00:00,0.316
supervisor,CHAIN,2026-09-27 08:51:56.013811+00:00,2026-09-27 08:51:56.015099+00:00,1.288
LangGraph,CHAIN,2026-09-27 08:51:56.012471+00:00,2026-09-27 08:51:56.016839+00:00,4.368
force_escalate,CHAIN,2026-09-27 08:51:55.947475+00:00,2026-09-27 08:51:55.947971+00:00,0.496
route_after_decision,CHAIN,2026-09-27 08:51:55.946250+00:00,2026-09-27 08:51:55.946657+00:00,0.40700000000000003
decision,CHAIN,2026-09-27 08:51:55.945612+00:00,2026-09-27 08:51:55.947018+00:00,1.406
prior_disputes_lookup,TOOL,2026-09-27 08:51:55.665536+00:00,2026-09-27 08:51:55.943998+00:00,278.462
transaction_lookup,TOOL,2026-09-27 08:51:55.384244+00:00,2026-09-27 08:51:55.664913+00:00,280.669
fraud_scoring,CHAIN,2026-09-27 08:51:54.825990+00:00,2026-09-27 08:51:55.944829+00:00,1118.839
reflect,CHAIN,2026-09-27 08:51:54.825159+00:00,2026-09-27 08:51:54.825485+00:00,0.326
route_after_decision,CHAIN,2026-09-27 08:51:54.823945+00:00,2026-09-27 08:51:54.824367+00:00,0.422
decision,CHAIN,2026-09-27 08:51:54.823220+00:00,2026-09-27 08:51:54.824684+00:00,1.464
prior_disputes_lookup,TOOL,2026-09-27 08:51:54.533753+00:00,2026-09-27 08:51:54.821255+00:00,287.50199999999995
transaction_lookup,TOOL,2026-09-27 08:51:54.255061+00:00,2026-09-27 08:51:54.533147+00:00,278.086
fraud_scoring,CHAIN,2026-09-27 08:51:53.705653+00:00,2026-09-27 08:51:54.822458+00:00,1116.805
chargeback_policy_lookup,TOOL,2026-09-27 08:51:53.691402+00:00,2026-09-27 08:51:53.704341+00:00,12.939
network_rule_check,TOOL,2026-09-27 08:51:53.408515+00:00,2026-09-27 08:51:53.690668+00:00,282.15299999999996
chargeback_rules_retrieval,CHAIN,2026-09-27 08:51:52.846676+00:00,2026-09-27 08:51:53.704921+00:00,858.245
route_after_classification,CHAIN,2026-09-27 08:51:52.845705+00:00,2026-09-27 08:51:52.846017+00:00,0.312
dispute_classification,CHAIN,2026-09-27 08:51:52.845294+00:00,2026-09-27 08:51:52.846282+00:00,0.988
route_after_supervisor,CHAIN,2026-09-27 08:51:52.844270+00:00,2026-09-27 08:51:52.844587+00:00,0.317
supervisor,CHAIN,2026-09-27 08:51:52.843733+00:00,2026-09-27 08:51:52.844906+00:00,1.173
LangGraph,CHAIN,2026-09-27 08:51:52.842314+00:00,2026-09-27 08:51:55.948984+00:00,3106.6699999999996
escalate_ambiguous,CHAIN,2026-09-27 08:51:52.807523+00:00,2026-09-27 08:51:52.807975+00:00,0.45199999999999996
route_after_classification,CHAIN,2026-09-27 08:51:52.806574+00:00,2026-09-27 08:51:52.806899+00:00,0.325
dispute_classification,CHAIN,2026-09-27 08:51:52.806129+00:00,2026-09-27 08:51:52.807172+00:00,1.0430000000000001
route_after_supervisor,CHAIN,2026-09-27 08:51:52.805092+00:00,2026-09-27 08:51:52.805434+00:00,0.342
supervisor,CHAIN,2026-09-27 08:51:52.804485+00:00,2026-09-27 08:51:52.805736+00:00,1.251
LangGraph,CHAIN,2026-09-27 08:51:52.802875+00:00,2026-09-27 08:51:52.808859+00:00,5.984
route_after_decision,CHAIN,2026-09-27 08:51:52.740609+00:00,2026-09-27 08:51:52.741081+00:00,0.472
decision,CHAIN,2026-09-27 08:51:52.739860+00:00,2026-09-27 08:51:52.741433+00:00,1.573
prior_disputes_lookup,TOOL,2026-09-27 08:51:52.459286+00:00,2026-09-27 08:51:52.738194+00:00,278.908
transaction_lookup,TOOL,2026-09-27 08:51:52.180707+00:00,2026-09-27 08:51:52.458599+00:00,277.892
fraud_scoring,CHAIN,2026-09-27 08:51:51.621464+00:00,2026-09-27 08:51:52.739169+00:00,1117.705
chargeback_policy_lookup,TOOL,2026-09-27 08:51:51.606816+00:00,2026-09-27 08:51:51.620103+00:00,13.287
network_rule_check,TOOL,2026-09-27 08:51:51.330442+00:00,2026-09-27 08:51:51.606073+00:00,275.63100000000003
chargeback_rules_retrieval,CHAIN,2026-09-27 08:51:50.681078+00:00,2026-09-27 08:51:51.620695+00:00,939.6170000000001
route_after_classification,CHAIN,2026-09-27 08:51:50.679825+00:00,2026-09-27 08:51:50.680312+00:00,0.48700000000000004
dispute_classification,CHAIN,2026-09-27 08:51:50.679352+00:00,2026-09-27 08:51:50.680644+00:00,1.292
route_after_supervisor,CHAIN,2026-09-27 08:51:50.678050+00:00,2026-09-27 08:51:50.678454+00:00,0.404
supervisor,CHAIN,2026-09-27 08:51:50.677023+00:00,2026-09-27 08:51:50.678834+00:00,1.811
LangGraph,CHAIN,2026-09-27 08:51:50.675630+00:00,2026-09-27 08:51:52.742310+00:00,2066.68
route_after_decision,CHAIN,2026-09-27 08:51:50.603454+00:00,2026-09-27 08:51:50.603837+00:00,0.383
decision,CHAIN,2026-09-27 08:51:50.602753+00:00,2026-09-27 08:51:50.604163+00:00,1.41
prior_disputes_lookup,TOOL,2026-09-27 08:51:50.318809+00:00,2026-09-27 08:51:50.601042+00:00,282.233
transaction_lookup,TOOL,2026-09-27 08:51:50.041418+00:00,2026-09-27 08:51:50.318179+00:00,276.76099999999997
fraud_scoring,CHAIN,2026-09-27 08:51:49.404731+00:00,2026-09-27 08:51:50.601992+00:00,1197.261
chargeback_policy_lookup,TOOL,2026-09-27 08:51:39.065464+00:00,2026-09-27 08:51:49.402344+00:00,10336.880000000001
network_rule_check,TOOL,2026-09-27 08:51:38.794708+00:00,2026-09-27 08:51:39.064542+00:00,269.834
chargeback_rules_retrieval,CHAIN,2026-09-27 08:51:38.249801+00:00,2026-09-27 08:51:49.403748+00:00,11153.947
route_after_classification,CHAIN,2026-09-27 08:51:38.248765+00:00,2026-09-27 08:51:38.249071+00:00,0.306
dispute_classification,CHAIN,2026-09-27 08:51:38.248322+00:00,2026-09-27 08:51:38.249356+00:00,1.034
route_after_supervisor,CHAIN,2026-09-27 08:51:38.246966+00:00,2026-09-27 08:51:38.247429+00:00,0.46299999999999997
supervisor,CHAIN,2026-09-27 08:51:38.245918+00:00,2026-09-27 08:51:38.247854+00:00,1.936
LangGraph,CHAIN,2026-09-27 08:51:38.244016+00:00,2026-09-27 08:51:50.605007+00:00,12360.991
blocked_end,CHAIN,2026-09-27 08:51:19.169399+00:00,2026-09-27 08:51:19.169859+00:00,0.46
route_after_supervisor,CHAIN,2026-09-27 08:51:19.168324+00:00,2026-09-27 08:51:19.168666+00:00,0.342
supervisor,CHAIN,2026-09-27 08:51:19.167698+00:00,2026-09-27 08:51:19.168978+00:00,1.28
LangGraph,CHAIN,2026-09-27 08:51:19.166325+00:00,2026-09-27 08:51:19.170987+00:00,4.662
force_escalate,CHAIN,2026-09-27 08:51:19.099364+00:00,2026-09-27 08:51:19.099882+00:00,0.518
route_after_decision,CHAIN,2026-09-27 08:51:19.097393+00:00,2026-09-27 08:51:19.098551+00:00,1.158
decision,CHAIN,2026-09-27 08:51:19.096653+00:00,2026-09-27 08:51:19.098922+00:00,2.269
prior_disputes_lookup,TOOL,2026-09-27 08:51:18.810832+00:00,2026-09-27 08:51:19.094865+00:00,284.03299999999996
transaction_lookup,TOOL,2026-09-27 08:51:18.525721+00:00,2026-09-27 08:51:18.810192+00:00,284.47099999999995
fraud_scoring,CHAIN,2026-09-27 08:51:17.963458+00:00,2026-09-27 08:51:19.095888+00:00,1132.43
reflect,CHAIN,2026-09-27 08:51:17.962672+00:00,2026-09-27 08:51:17.963027+00:00,0.355
route_after_decision,CHAIN,2026-09-27 08:51:17.961443+00:00,2026-09-27 08:51:17.961866+00:00,0.423
decision,CHAIN,2026-09-27 08:51:17.960627+00:00,2026-09-27 08:51:17.962177+00:00,1.55
prior_disputes_lookup,TOOL,2026-09-27 08:51:17.675153+00:00,2026-09-27 08:51:17.958740+00:00,283.587
transaction_lookup,TOOL,2026-09-27 08:51:17.394048+00:00,2026-09-27 08:51:17.674426+00:00,280.37800000000004
fraud_scoring,CHAIN,2026-09-27 08:51:16.833777+00:00,2026-09-27 08:51:17.959754+00:00,1125.977
chargeback_policy_lookup,TOOL,2026-09-27 08:51:16.819592+00:00,2026-09-27 08:51:16.832420+00:00,12.828000000000001
network_rule_check,TOOL,2026-09-27 08:51:16.535154+00:00,2026-09-27 08:51:16.818822+00:00,283.66799999999995
chargeback_rules_retrieval,CHAIN,2026-09-27 08:51:15.974234+00:00,2026-09-27 08:51:16.833007+00:00,858.773
route_after_classification,CHAIN,2026-09-27 08:51:15.973214+00:00,2026-09-27 08:51:15.973541+00:00,0.32699999999999996
dispute_classification,CHAIN,2026-09-27 08:51:15.972761+00:00,2026-09-27 08:51:15.973818+00:00,1.057
route_after_supervisor,CHAIN,2026-09-27 08:51:15.971664+00:00,2026-09-27 08:51:15.971988+00:00,0.324
supervisor,CHAIN,2026-09-27 08:51:15.971136+00:00,2026-09-27 08:51:15.972327+00:00,1.191
LangGraph,CHAIN,2026-09-27 08:51:15.969745+00:00,2026-09-27 08:51:19.100897+00:00,3131.152
escalate_ambiguous,CHAIN,2026-09-27 08:51:15.927138+00:00,2026-09-27 08:51:15.927626+00:00,0.488
route_after_classification,CHAIN,2026-09-27 08:51:15.926026+00:00,2026-09-27 08:51:15.926460+00:00,0.434
dispute_classification,CHAIN,2026-09-27 08:51:15.925502+00:00,2026-09-27 08:51:15.926748+00:00,1.246
route_after_supervisor,CHAIN,2026-09-27 08:51:15.924235+00:00,2026-09-27 08:51:15.924638+00:00,0.40299999999999997
supervisor,CHAIN,2026-09-27 08:51:15.923456+00:00,2026-09-27 08:51:15.925060+00:00,1.6039999999999999
LangGraph,CHAIN,2026-09-27 08:51:15.921588+00:00,2026-09-27 08:51:15.928862+00:00,7.274
route_after_decision,CHAIN,2026-09-27 08:51:15.855043+00:00,2026-09-27 08:51:15.855437+00:00,0.39399999999999996
decision,CHAIN,2026-09-27 08:51:15.854361+00:00,2026-09-27 08:51:15.855714+00:00,1.353
prior_disputes_lookup,TOOL,2026-09-27 08:51:15.573958+00:00,2026-09-27 08:51:15.852662+00:00,278.704
transaction_lookup,TOOL,2026-09-27 08:51:15.295586+00:00,2026-09-27 08:51:15.573310+00:00,277.72400000000005
fraud_scoring,CHAIN,2026-09-27 08:51:14.737270+00:00,2026-09-27 08:51:15.853632+00:00,1116.362
chargeback_policy_lookup,TOOL,2026-09-27 08:51:14.723245+00:00,2026-09-27 08:51:14.735948+00:00,12.703000000000001
network_rule_check,TOOL,2026-09-27 08:51:14.442816+00:00,2026-09-27 08:51:14.722476+00:00,279.66
chargeback_rules_retrieval,CHAIN,2026-09-27 08:51:13.874550+00:00,2026-09-27 08:51:14.736502+00:00,861.952
route_after_classification,CHAIN,2026-09-27 08:51:13.873530+00:00,2026-09-27 08:51:13.873875+00:00,0.345
dispute_classification,CHAIN,2026-09-27 08:51:13.873057+00:00,2026-09-27 08:51:13.874155+00:00,1.098
route_after_supervisor,CHAIN,2026-09-27 08:51:13.871813+00:00,2026-09-27 08:51:13.872219+00:00,0.406
supervisor,CHAIN,2026-09-27 08:51:13.870751+00:00,2026-09-27 08:51:13.872616+00:00,1.865
LangGraph,CHAIN,2026-09-27 08:51:13.869224+00:00,2026-09-27 08:51:15.856720+00:00,1987.4959999999999
route_after_decision,CHAIN,2026-09-27 08:51:13.794525+00:00,2026-09-27 08:51:13.794919+00:00,0.39399999999999996
decision,CHAIN,2026-09-27 08:51:13.793808+00:00,2026-09-27 08:51:13.795227+00:00,1.4189999999999998
prior_disputes_lookup,TOOL,2026-09-27 08:51:13.508772+00:00,2026-09-27 08:51:13.791818+00:00,283.046
transaction_lookup,TOOL,2026-09-27 08:51:13.223414+00:00,2026-09-27 08:51:13.508071+00:00,284.657
fraud_scoring,CHAIN,2026-09-27 08:51:12.549274+00:00,2026-09-27 08:51:13.792963+00:00,1243.689
chargeback_policy_lookup,TOOL,2026-09-27 08:51:00.351474+00:00,2026-09-27 08:51:12.547012+00:00,12195.538
network_rule_check,TOOL,2026-09-27 08:51:00.079313+00:00,2026-09-27 08:51:00.350638+00:00,271.325
chargeback_rules_retrieval,CHAIN,2026-09-27 08:50:59.517319+00:00,2026-09-27 08:51:12.548316+00:00,13030.997
route_after_classification,CHAIN,2026-09-27 08:50:59.516250+00:00,2026-09-27 08:50:59.516570+00:00,0.32
dispute_classification,CHAIN,2026-09-27 08:50:59.515708+00:00,2026-09-27 08:50:59.516905+00:00,1.1969999999999998
route_after_supervisor,CHAIN,2026-09-27 08:50:59.514362+00:00,2026-09-27 08:50:59.514804+00:00,0.442
supervisor,CHAIN,2026-09-27 08:50:59.513119+00:00,2026-09-27 08:50:59.515201+00:00,2.0820000000000003
LangGraph,CHAIN,2026-09-27 08:50:59.510181+00:00,2026-09-27 08:51:13.796143+00:00,14285.962
blocked_end,CHAIN,2026-09-27 08:47:52.485040+00:00,2026-09-27 08:47:52.485487+00:00,0.447
route_after_supervisor,CHAIN,2026-09-27 08:47:52.483732+00:00,2026-09-27 08:47:52.484115+00:00,0.383
supervisor,CHAIN,2026-09-27 08:47:52.482649+00:00,2026-09-27 08:47:52.484597+00:00,1.9480000000000002
LangGraph,CHAIN,2026-09-27 08:47:52.481181+00:00,2026-09-27 08:47:52.486420+00:00,5.239
force_escalate,CHAIN,2026-09-27 08:47:51.177283+00:00,2026-09-27 08:47:51.177954+00:00,0.671
route_after_decision,CHAIN,2026-09-27 08:47:51.175673+00:00,2026-09-27 08:47:51.176343+00:00,0.67
decision,CHAIN,2026-09-27 08:47:51.174827+00:00,2026-09-27 08:47:51.176811+00:00,1.984
prior_disputes_lookup,TOOL,2026-09-27 08:47:50.796044+00:00,2026-09-27 08:47:51.172805+00:00,376.761
transaction_lookup,TOOL,2026-09-27 08:47:50.517032+00:00,2026-09-27 08:47:50.795426+00:00,278.39399999999995
fraud_scoring,CHAIN,2026-09-27 08:47:49.963429+00:00,2026-09-27 08:47:51.173969+00:00,1210.54
reflect,CHAIN,2026-09-27 08:47:49.962656+00:00,2026-09-27 08:47:49.963002+00:00,0.34600000000000003
route_after_decision,CHAIN,2026-09-27 08:47:49.961514+00:00,2026-09-27 08:47:49.961919+00:00,0.40499999999999997
decision,CHAIN,2026-09-27 08:47:49.960816+00:00,2026-09-27 08:47:49.962222+00:00,1.406
prior_disputes_lookup,TOOL,2026-09-27 08:47:49.681530+00:00,2026-09-27 08:47:49.959059+00:00,277.52900000000005
transaction_lookup,TOOL,2026-09-27 08:47:49.404782+00:00,2026-09-27 08:47:49.680878+00:00,276.096
fraud_scoring,CHAIN,2026-09-27 08:47:48.751680+00:00,2026-09-27 08:47:49.960096+00:00,1208.416
chargeback_policy_lookup,TOOL,2026-09-27 08:47:38.444972+00:00,2026-09-27 08:47:48.748764+00:00,10303.792
network_rule_check,TOOL,2026-09-27 08:47:38.168643+00:00,2026-09-27 08:47:38.444130+00:00,275.48699999999997
chargeback_rules_retrieval,CHAIN,2026-09-27 08:47:37.617304+00:00,2026-09-27 08:47:48.750593+00:00,11133.288999999999
route_after_classification,CHAIN,2026-09-27 08:47:37.616371+00:00,2026-09-27 08:47:37.616668+00:00,0.297
dispute_classification,CHAIN,2026-09-27 08:47:37.615884+00:00,2026-09-27 08:47:37.616919+00:00,1.035
route_after_supervisor,CHAIN,2026-09-27 08:47:37.614727+00:00,2026-09-27 08:47:37.615042+00:00,0.315
supervisor,CHAIN,2026-09-27 08:47:37.613576+00:00,2026-09-27 08:47:37.615482+00:00,1.906
LangGraph,CHAIN,2026-09-27 08:47:37.612080+00:00,2026-09-27 08:47:51.179360+00:00,13567.28
escalate_ambiguous,CHAIN,2026-09-27 08:47:26.295465+00:00,2026-09-27 08:47:26.295853+00:00,0.388
route_after_classification,CHAIN,2026-09-27 08:47:26.294551+00:00,2026-09-27 08:47:26.294859+00:00,0.308
dispute_classification,CHAIN,2026-09-27 08:47:26.294107+00:00,2026-09-27 08:47:26.295109+00:00,1.002
route_after_supervisor,CHAIN,2026-09-27 08:47:26.292880+00:00,2026-09-27 08:47:26.293223+00:00,0.34299999999999997
supervisor,CHAIN,2026-09-27 08:47:26.291902+00:00,2026-09-27 08:47:26.293677+00:00,1.7750000000000001
LangGraph,CHAIN,2026-09-27 08:47:26.290431+00:00,2026-09-27 08:47:26.296754+00:00,6.3229999999999995
route_after_decision,CHAIN,2026-09-27 08:47:25.003749+00:00,2026-09-27 08:47:25.004198+00:00,0.449
decision,CHAIN,2026-09-27 08:47:25.003057+00:00,2026-09-27 08:47:25.004526+00:00,1.469
prior_disputes_lookup,TOOL,2026-09-27 08:47:24.717694+00:00,2026-09-27 08:47:25.001096+00:00,283.402
transaction_lookup,TOOL,2026-09-27 08:47:24.431600+00:00,2026-09-27 08:47:24.717065+00:00,285.46500000000003
fraud_scoring,CHAIN,2026-09-27 08:47:23.766427+00:00,2026-09-27 08:47:25.002246+00:00,1235.819
chargeback_policy_lookup,TOOL,2026-09-27 08:47:13.219166+00:00,2026-09-27 08:47:23.764253+00:00,10545.087000000001
network_rule_check,TOOL,2026-09-27 08:47:12.946560+00:00,2026-09-27 08:47:13.218253+00:00,271.69300000000004
chargeback_rules_retrieval,CHAIN,2026-09-27 08:47:12.401127+00:00,2026-09-27 08:47:23.765501+00:00,11364.374
route_after_classification,CHAIN,2026-09-27 08:47:12.400138+00:00,2026-09-27 08:47:12.400473+00:00,0.335
dispute_classification,CHAIN,2026-09-27 08:47:12.399682+00:00,2026-09-27 08:47:12.400735+00:00,1.053
route_after_supervisor,CHAIN,2026-09-27 08:47:12.398398+00:00,2026-09-27 08:47:12.398758+00:00,0.36000000000000004
supervisor,CHAIN,2026-09-27 08:47:12.397416+00:00,2026-09-27 08:47:12.399222+00:00,1.806
LangGraph,CHAIN,2026-09-27 08:47:12.395864+00:00,2026-09-27 08:47:25.005363+00:00,12609.499
route_after_decision,CHAIN,2026-09-27 08:47:11.078408+00:00,2026-09-27 08:47:11.078820+00:00,0.412
decision,CHAIN,2026-09-27 08:47:11.077691+00:00,2026-09-27 08:47:11.079161+00:00,1.47
prior_disputes_lookup,TOOL,2026-09-27 08:47:10.789376+00:00,2026-09-27 08:47:11.075879+00:00,286.503
transaction_lookup,TOOL,2026-09-27 08:47:10.509466+00:00,2026-09-27 08:47:10.788681+00:00,279.215
fraud_scoring,CHAIN,2026-09-27 08:47:09.863819+00:00,2026-09-27 08:47:11.076931+00:00,1213.112
chargeback_policy_lookup,TOOL,2026-09-27 08:46:59.560422+00:00,2026-09-27 08:47:09.860873+00:00,10300.451000000001
network_rule_check,TOOL,2026-09-27 08:46:59.287511+00:00,2026-09-27 08:46:59.559489+00:00,271.978
chargeback_rules_retrieval,CHAIN,2026-09-27 08:46:58.740856+00:00,2026-09-27 08:47:09.862570+00:00,11121.714
route_after_classification,CHAIN,2026-09-27 08:46:58.739893+00:00,2026-09-27 08:46:58.740224+00:00,0.331
dispute_classification,CHAIN,2026-09-27 08:46:58.739414+00:00,2026-09-27 08:46:58.740463+00:00,1.049
route_after_supervisor,CHAIN,2026-09-27 08:46:58.738158+00:00,2026-09-27 08:46:58.738520+00:00,0.36200000000000004
supervisor,CHAIN,2026-09-27 08:46:58.736935+00:00,2026-09-27 08:46:58.738978+00:00,2.043
LangGraph,CHAIN,2026-09-27 08:46:58.734886+00:00,2026-09-27 08:47:11.080039+00:00,12345.153
